{
  "hard_deadline_miss_rate": 0.0,
  "soft_deadline_miss_rate": 0.0,
  "average_tardiness": 0.0,
  "max_tardiness": 0,
  "average_response_time": 3.911111,
  "max_response_time": 9,
  "completion_time_jitter": 12.769231,
  "acceptance_test": {
    "sporadic_total_jobs": 5,
    "sporadic_accepted_jobs": 5,
    "sporadic_rejected_jobs": 0,
    "post_acceptance_violation_rate": 0.0
  },
  "sporadic_value_rate": 1.0,
  "generator_cost": 588870.0,
  "market_revenue": 443647.0,
  "objective_value": 145223.0,
  "periodic_average_response_time": 3.96875,
  "periodic_max_response_time": 9,
  "soft_missed_jobs": [],
  "hard_missed_jobs": [],
  "task_set_summary": {
    "periodic_task_count": 6,
    "expanded_periodic_job_count": 33,
    "periodic_workload_density": 0.9602564102564102,
    "distinct_periods": [
      8,
      12,
      13,
      15,
      16,
      24
    ],
    "selected_frame_size": 3
  },
  "validation_summary": {
    "constraint_violation_count": 0,
    "checked_hours": 72,
    "checked_jobs": 45
  },
  "reserve_strategy": {
    "selected_frame_size": 3,
    "day_ahead_sporadic_reserve_mwh": 20.0,
    "aperiodic_reserve_mwh": 5.0,
    "primary_generator": "thermal_1",
    "planned_thermal_capacity_by_hour": {
      "1": 35.0,
      "2": 70.0,
      "3": 90.0,
      "4": 105.0,
      "5": 120.0,
      "6": 125.0,
      "7": 125.0,
      "8": 125.0,
      "9": 125.0,
      "10": 125.0,
      "11": 125.0,
      "12": 125.0,
      "13": 125.0,
      "14": 125.0,
      "15": 125.0,
      "16": 125.0,
      "17": 125.0,
      "18": 125.0,
      "19": 125.0,
      "20": 125.0,
      "21": 125.0,
      "22": 125.0,
      "23": 125.0,
      "24": 125.0,
      "25": 125.0,
      "26": 125.0,
      "27": 125.0,
      "28": 125.0,
      "29": 125.0,
      "30": 125.0,
      "31": 125.0,
      "32": 125.0,
      "33": 125.0,
      "34": 125.0,
      "35": 125.0,
      "36": 125.0,
      "37": 125.0,
      "38": 125.0,
      "39": 125.0,
      "40": 125.0,
      "41": 125.0,
      "42": 125.0,
      "43": 125.0,
      "44": 125.0,
      "45": 125.0,
      "46": 125.0,
      "47": 125.0,
      "48": 125.0,
      "49": 125.0,
      "50": 125.0,
      "51": 125.0,
      "52": 125.0,
      "53": 125.0,
      "54": 125.0,
      "55": 125.0,
      "56": 125.0,
      "57": 125.0,
      "58": 125.0,
      "59": 125.0,
      "60": 125.0,
      "61": 125.0,
      "62": 125.0,
      "63": 125.0,
      "64": 125.0,
      "65": 125.0,
      "66": 125.0,
      "67": 125.0,
      "68": 125.0,
      "69": 125.0,
      "70": 125.0,
      "71": 125.0,
      "72": 125.0
    },
    "strategy": "Periodic jobs are fixed first; sporadic jobs are inserted only into remaining capacity without moving existing hard-deadline jobs; aperiodic jobs wait in a queue and use remaining slack."
  }
}